epoch,accuracy,loss
0,0.5,0.27363520860671997
1,0.5,0.266783207654953
2,0.5,0.25822311639785767
3,0.5,0.2523004710674286
4,0.5,0.25036266446113586
5,0.75,0.2509463429450989
6,0.5,0.25193822383880615
7,0.5,0.252200722694397
8,0.5,0.25171923637390137
9,0.75,0.2509993016719818
10,0.75,0.25048232078552246
11,0.5,0.2502973973751068
12,0.5,0.25032880902290344
13,0.5,0.2504040598869324
14,0.5,0.2504233419895172
15,0.5,0.2503802180290222
16,0.5,0.25031501054763794
17,0.5,0.25026512145996094
18,0.5,0.25024229288101196
19,0.5,0.25023770332336426
20,0.5,0.2502373456954956
21,0.5,0.2502326965332031
22,0.5,0.25022298097610474
23,0.5,0.25021129846572876
24,0.5,0.2502008378505707
25,0.5,0.2501926124095917
26,0.5,0.2501859664916992
27,0.5,0.2501797676086426
28,0.5,0.25017327070236206
29,0.5,0.2501663565635681
30,0.5,0.2501593828201294
31,0.5,0.25015249848365784
32,0.5,0.250145822763443
33,0.5,0.25013935565948486
34,0.5,0.2501329481601715
35,0.5,0.25012654066085815
36,0.5,0.2501201331615448
37,0.5,0.25011375546455383
38,0.5,0.25010743737220764
39,0.5,0.25010114908218384
40,0.5,0.2500949203968048
41,0.5,0.2500886917114258
42,0.5,0.2500825524330139
43,0.5,0.25007641315460205
44,0.5,0.2500702738761902
45,0.5,0.2500641942024231
46,0.5,0.250058114528656
47,0.5,0.2500520944595337
48,0.5,0.2500460743904114
49,0.5,0.25004008412361145
50,0.5,0.2500341236591339
51,0.5,0.25002819299697876
52,0.5,0.250022292137146
53,0.5,0.25001636147499084
54,0.5,0.25001049041748047
55,0.5,0.2500046491622925
56,0.5,0.2499987930059433
57,0.5,0.2499929666519165
58,0.5,0.2499871551990509
59,0.5,0.2499813735485077
60,0.5,0.2499755620956421
61,0.5,0.24996981024742126
62,0.5,0.24996404349803925
63,0.5,0.24995830655097961
64,0.5,0.24995258450508118
65,0.5,0.24994686245918274
66,0.5,0.2499411255121231
67,0.5,0.24993544816970825
68,0.5,0.24992972612380981
69,0.5,0.24992403388023376
70,0.5,0.2499183714389801
71,0.5,0.24991264939308167
72,0.5,0.249906986951828
73,0.5,0.24990132451057434
74,0.5,0.24989564716815948
75,0.5,0.24988996982574463
76,0.5,0.24988433718681335
77,0.5,0.2498786896467209
78,0.5,0.24987301230430603
79,0.5,0.24986732006072998
80,0.5,0.2498616725206375
81,0.5,0.24985599517822266
82,0.5,0.249850332736969
83,0.5,0.24984465539455414
84,0.5,0.24983897805213928
85,0.5,0.24983330070972443
86,0.5,0.24982759356498718
87,0.5,0.24982193112373352
88,0.5,0.24981623888015747
89,0.5,0.24981051683425903
90,0.5,0.2498047947883606
91,0.5,0.24979907274246216
92,0.5,0.24979335069656372
93,0.5,0.2497875690460205
94,0.5,0.24978184700012207
95,0.5,0.24977608025074005
96,0.5,0.24977031350135803
97,0.5,0.24976453185081482
98,0.5,0.24975869059562683
99,0.5,0.24975289404392242
100,0.5,0.24974706768989563
101,0.5,0.24974119663238525
102,0.5,0.24973534047603607
103,0.5,0.2497294545173645
104,0.5,0.24972355365753174
105,0.5,0.24971765279769897
106,0.5,0.24971172213554382
107,0.5,0.24970576167106628
108,0.5,0.24969977140426636
109,0.5,0.24969378113746643
110,0.5,0.24968776106834412
111,0.5,0.2496817260980606
112,0.5,0.2496756762266159
113,0.5,0.24966958165168762
114,0.5,0.24966347217559814
115,0.5,0.24965733289718628
116,0.5,0.24965117871761322
117,0.5,0.24964499473571777
118,0.5,0.24963878095149994
119,0.5,0.2496325522661209
120,0.5,0.2496262788772583
121,0.5,0.2496199607849121
122,0.5,0.24961364269256592
123,0.5,0.24960730969905853
124,0.5,0.24960088729858398
125,0.5,0.24959447979927063
126,0.5,0.2495880275964737
127,0.5,0.24958154559135437
128,0.5,0.24957501888275146
129,0.5,0.24956846237182617
130,0.5,0.2495618760585785
131,0.5,0.24955525994300842
132,0.5,0.24954859912395477
133,0.5,0.24954190850257874
134,0.5,0.24953514337539673
135,0.5,0.24952837824821472
136,0.5,0.24952156841754913
137,0.5,0.24951471388339996
138,0.5,0.24950778484344482
139,0.5,0.2495008409023285
140,0.5,0.24949388206005096
141,0.5,0.24948684871196747
142,0.5,0.2494797557592392
143,0.75,0.24947264790534973
144,0.75,0.24946549534797668
145,0.75,0.24945825338363647
146,0.75,0.24945101141929626
147,0.75,0.24944369494915009
148,0.75,0.24943633377552032
149,0.75,0.24942894279956818
150,0.75,0.24942147731781006
151,0.75,0.24941393733024597
152,0.75,0.24940641224384308
153,0.75,0.24939876794815063
154,0.75,0.24939106404781342
155,0.75,0.2493833303451538
156,0.75,0.24937556684017181
157,0.75,0.24936771392822266
158,0.75,0.24935980141162872
159,0.75,0.2493518441915512
160,0.75,0.24934382736682892
161,0.75,0.24933573603630066
162,0.75,0.24932757019996643
163,0.75,0.24931935966014862
164,0.75,0.24931108951568604
165,0.75,0.24930274486541748
166,0.75,0.24929432570934296
167,0.75,0.24928584694862366
168,0.75,0.2492772936820984
169,0.75,0.24926865100860596
170,0.75,0.24925999343395233
171,0.75,0.24925118684768677
172,0.75,0.2492423802614212
173,0.75,0.2492334544658661
174,0.75,0.249224454164505
175,0.75,0.24921539425849915
176,0.75,0.24920624494552612
177,0.75,0.24919703602790833
178,0.75,0.24918772280216217
179,0.75,0.24917832016944885
180,0.75,0.24916885793209076
181,0.75,0.2491593062877655
182,0.75,0.2491496503353119
183,0.75,0.2491399496793747
184,0.75,0.24913012981414795
185,0.75,0.24912020564079285
186,0.75,0.24911022186279297
187,0.75,0.24910011887550354
188,0.75,0.24908995628356934
189,0.75,0.2490796595811844
190,0.75,0.24906927347183228
191,0.75,0.2490588128566742
192,0.75,0.24904821813106537
193,0.75,0.24903753399848938
194,0.75,0.24902676045894623
195,0.75,0.24901586771011353
196,0.75,0.24900490045547485
197,0.75,0.24899378418922424
198,0.75,0.24898259341716766
199,0.75,0.24897125363349915
200,0.75,0.24895980954170227
201,0.75,0.24894827604293823
202,0.75,0.24893662333488464
203,0.75,0.24892482161521912
204,0.75,0.24891293048858643
205,0.75,0.24890092015266418
206,0.75,0.2488887459039688
207,0.75,0.24887651205062866
208,0.75,0.248864084482193
209,0.75,0.24885155260562897
210,0.75,0.2488388866186142
211,0.75,0.2488260716199875
212,0.75,0.24881315231323242
213,0.75,0.24880008399486542
214,0.75,0.24878686666488647
215,0.75,0.24877354502677917
216,0.75,0.24876004457473755
217,0.75,0.2487463802099228
218,0.75,0.24873259663581848
219,0.75,0.24871867895126343
220,0.75,0.24870458245277405
221,0.75,0.24869032204151154
222,0.75,0.24867591261863708
223,0.75,0.2486613392829895
224,0.75,0.24864661693572998
225,0.75,0.24863173067569733
226,0.75,0.24861663579940796
227,0.75,0.24860143661499023
228,0.75,0.2485860139131546
229,0.75,0.24857042729854584
230,0.75,0.24855466187000275
231,0.75,0.24853873252868652
232,0.75,0.24852260947227478
233,0.75,0.24850627779960632
234,0.75,0.24848976731300354
235,0.75,0.24847309291362762
236,0.75,0.2484561949968338
237,0.75,0.24843910336494446
238,0.75,0.2484217882156372
239,0.75,0.24840429425239563
240,0.75,0.24838659167289734
241,0.75,0.24836866557598114
242,0.75,0.24835053086280823
243,0.75,0.2483321577310562
244,0.75,0.24831360578536987
245,0.75,0.24829477071762085
246,0.75,0.2482757568359375
247,0.75,0.24825648963451385
248,0.75,0.2482369840145111
249,0.75,0.24821723997592926
250,0.75,0.24819724261760712
251,0.75,0.24817702174186707
252,0.75,0.24815651774406433
253,0.75,0.2481357604265213
254,0.75,0.24811474978923798
255,0.75,0.24809348583221436
256,0.75,0.24807195365428925
257,0.75,0.24805012345314026
258,0.75,0.24802802503108978
259,0.75,0.24800565838813782
260,0.75,0.24798299372196198
261,0.75,0.24796003103256226
262,0.75,0.24793678522109985
263,0.75,0.2479132115840912
264,0.75,0.24788933992385864
265,0.75,0.24786518514156342
266,0.75,0.24784070253372192
267,0.75,0.24781587719917297
268,0.75,0.24779073894023895
269,0.75,0.24776528775691986
270,0.75,0.24773947894573212
271,0.75,0.24771331250667572
272,0.75,0.24768683314323425
273,0.75,0.24765998125076294
274,0.75,0.24763274192810059
275,0.75,0.24760514497756958
276,0.75,0.2475772202014923
277,0.75,0.24754886329174042
278,0.75,0.24752016365528107
279,0.75,0.24749106168746948
280,0.75,0.24746151268482208
281,0.75,0.24743163585662842
282,0.75,0.24740129709243774
283,0.75,0.24737057089805603
284,0.75,0.2473393976688385
285,0.75,0.24730779230594635
286,0.75,0.24727573990821838
287,0.75,0.2472432553768158
288,0.75,0.247210294008255
289,0.75,0.2471769154071808
290,0.75,0.24714304506778717
291,0.75,0.24710866808891296
292,0.75,0.24707382917404175
293,0.75,0.24703851342201233
294,0.75,0.24700269103050232
295,0.75,0.24696633219718933
296,0.75,0.24692946672439575
297,0.75,0.2468920648097992
298,0.75,0.24685415625572205
299,0.75,0.24681568145751953
300,0.75,0.24677665531635284
301,0.75,0.2467370629310608
302,0.75,0.24669687449932098
303,0.75,0.246656134724617
304,0.75,0.24661479890346527
305,0.75,0.2465728372335434
306,0.75,0.24653029441833496
307,0.75,0.2464871108531952
308,0.75,0.2464432567358017
309,0.75,0.24639877676963806
310,0.75,0.24635367095470428
311,0.75,0.24630790948867798
312,0.75,0.24626141786575317
313,0.75,0.24621428549289703
314,0.75,0.2461664080619812
315,0.75,0.24611783027648926
316,0.75,0.24606853723526
317,0.75,0.24601849913597107
318,0.75,0.24596773087978363
319,0.75,0.2459161877632141
320,0.75,0.24586385488510132
321,0.75,0.24581074714660645
322,0.75,0.2457568347454071
323,0.75,0.2457021027803421
324,0.75,0.24564656615257263
325,0.75,0.24559016525745392
326,0.75,0.24553295969963074
327,0.75,0.24547481536865234
328,0.75,0.2454158365726471
329,0.75,0.24535588920116425
330,0.75,0.24529509246349335
331,0.75,0.24523337185382843
332,0.75,0.24517066776752472
333,0.75,0.2451070249080658
334,0.75,0.24504239857196808
335,0.75,0.24497681856155396
336,0.75,0.24491018056869507
337,0.75,0.244842529296875
338,0.75,0.24477386474609375
339,0.75,0.24470412731170654
340,0.75,0.24463334679603577
341,0.75,0.24456140398979187
342,0.75,0.2444884032011032
343,0.75,0.24441424012184143
344,0.75,0.2443389892578125
345,0.75,0.24426253139972687
346,0.75,0.24418491125106812
347,0.75,0.24410608410835266
348,0.75,0.2440260350704193
349,0.75,0.24394476413726807
350,0.75,0.24386224150657654
351,0.75,0.24377842247486115
352,0.75,0.2436933070421219
353,0.75,0.24360686540603638
354,0.75,0.243519127368927
355,0.75,0.2434299886226654
356,0.75,0.24333947896957397
357,0.75,0.2432475984096527
358,0.75,0.24315425753593445
359,0.75,0.24305950105190277
360,0.75,0.2429632991552353
361,0.75,0.24286556243896484
362,0.75,0.2427663803100586
363,0.75,0.2426656186580658
364,0.75,0.24256333708763123
365,0.75,0.2424594610929489
366,0.75,0.24235399067401886
367,0.75,0.24224691092967987
368,0.75,0.24213819205760956
369,0.75,0.24202778935432434
370,0.75,0.24191570281982422
371,0.75,0.241801917552948
372,0.75,0.2416863739490509
373,0.75,0.24156905710697174
374,0.75,0.2414499819278717
375,0.75,0.24132908880710602
376,0.75,0.2412063181400299
377,0.75,0.24108174443244934
378,0.75,0.24095523357391357
379,0.75,0.24082686007022858
380,0.75,0.240696519613266
381,0.75,0.240564227104187
382,0.75,0.24042993783950806
383,0.75,0.24029363691806793
384,0.75,0.24015530943870544
385,0.75,0.240014910697937
386,0.75,0.23987242579460144
387,0.75,0.23972779512405396
388,0.75,0.23958104848861694
389,0.75,0.23943209648132324
390,0.75,0.23928095400333405
391,0.75,0.23912759125232697
392,0.75,0.2389719933271408
393,0.75,0.238814115524292
394,0.75,0.23865389823913574
395,0.75,0.23849135637283325
396,0.75,0.23832648992538452
397,0.75,0.2381591796875
398,0.75,0.23798950016498566
399,0.75,0.23781734704971313
400,0.75,0.23764276504516602
401,0.75,0.23746563494205475
402,0.75,0.23728598654270172
403,0.75,0.23710379004478455
404,0.75,0.23691904544830322
405,0.75,0.2367316484451294
406,0.75,0.23654165863990784
407,0.75,0.2363489270210266
408,0.75,0.23615357279777527
409,0.75,0.23595547676086426
410,0.75,0.23575462400913239
411,0.75,0.23555099964141846
412,0.75,0.2353445589542389
413,0.75,0.2351352870464325
414,0.75,0.23492318391799927
415,0.75,0.23470816016197205
416,0.75,0.23449021577835083
417,0.75,0.23426935076713562
418,0.75,0.23404550552368164
419,0.75,0.2338186502456665
420,0.75,0.2335887849330902
421,0.75,0.2333558201789856
422,0.75,0.23311983048915863
423,0.75,0.23288068175315857
424,0.75,0.2326384037733078
425,0.75,0.23239299654960632
426,0.75,0.23214435577392578
427,0.75,0.23189251124858856
428,0.75,0.2316373884677887
429,0.75,0.23137900233268738
430,0.75,0.23111729323863983
431,0.75,0.23085227608680725
432,0.75,0.23058387637138367
433,0.75,0.23031210899353027
434,0.75,0.2300368994474411
435,0.75,0.22975826263427734
436,0.75,0.22947615385055542
437,0.75,0.22919052839279175
438,0.75,0.22890138626098633
439,0.75,0.22860869765281677
440,0.75,0.2283124029636383
441,0.75,0.22801250219345093
442,0.75,0.22770901024341583
443,0.75,0.22740179300308228
444,0.75,0.22709093987941742
445,0.75,0.22677630186080933
446,0.75,0.22645798325538635
447,0.75,0.22613586485385895
448,0.75,0.2258099466562271
449,0.75,0.22548018395900726
450,0.75,0.2251466065645218
451,0.75,0.22480909526348114
452,0.75,0.2244677096605301
453,0.75,0.22412239015102386
454,0.75,0.22377310693264008
455,0.75,0.22341986000537872
456,0.75,0.22306253015995026
457,0.75,0.22270122170448303
458,0.75,0.2223358005285263
459,0.75,0.22196629643440247
460,0.75,0.22159266471862793
461,0.75,0.2212148755788803
462,0.75,0.2208329290151596
463,0.75,0.22044676542282104
464,0.75,0.22005635499954224
465,0.75,0.21966171264648438
466,0.75,0.21926277875900269
467,0.75,0.2188594937324524
468,0.75,0.21845191717147827
469,0.75,0.21803995966911316
470,0.75,0.21762360632419586
471,0.75,0.2172028124332428
472,0.75,0.21677762269973755
473,0.75,0.21634790301322937
474,0.75,0.21591371297836304
475,0.75,0.21547502279281616
476,0.75,0.2150317281484604
477,0.75,0.21458390355110168
478,0.75,0.2141314148902893
479,0.75,0.21367432177066803
480,0.75,0.2132125347852707
481,0.75,0.21274612843990326
482,0.75,0.2122749239206314
483,0.75,0.2117990255355835
484,0.75,0.21131834387779236
485,0.75,0.2108328640460968
486,0.75,0.21034258604049683
487,0.75,0.20984742045402527
488,0.75,0.20934739708900452
489,0.75,0.208842471241951
490,0.75,0.2083325833082199
491,0.75,0.20781777799129486
492,0.75,0.20729798078536987
493,0.75,0.20677319169044495
494,0.75,0.2062433362007141
495,0.75,0.20570842921733856
496,0.75,0.20516841113567352
497,0.75,0.2046232670545578
498,0.75,0.2040729820728302
499,0.75,0.20351755619049072
500,0.75,0.2029569000005722
501,0.75,0.20239102840423584
502,0.75,0.20181988179683685
503,0.75,0.20124350488185883
504,0.75,0.2006617784500122
505,0.75,0.20007476210594177
506,0.75,0.19948235154151917
507,0.75,0.19888456165790558
508,0.75,0.198281392455101
509,0.75,0.1976727396249771
510,0.75,0.19705864787101746
511,0.75,0.19643908739089966
512,0.75,0.19581401348114014
513,0.75,0.19518336653709412
514,0.75,0.19454717636108398
515,0.75,0.19390539824962616
516,0.75,0.19325801730155945
517,0.75,0.19260501861572266
518,0.75,0.19194632768630981
519,0.75,0.19128194451332092
520,0.75,0.19061192870140076
521,0.75,0.18993613123893738
522,0.75,0.18925461173057556
523,0.75,0.18856728076934814
524,0.75,0.1878742277622223
525,0.75,0.18717533349990845
526,0.75,0.1864706128835678
527,0.75,0.18576006591320038
528,0.75,0.18504363298416138
529,0.75,0.184321328997612
530,0.75,0.18359312415122986
531,0.75,0.18285901844501495
532,0.75,0.18211901187896729
533,0.75,0.18137305974960327
534,0.75,0.18062114715576172
535,0.75,0.17986330389976501
536,0.75,0.17909948527812958
537,0.75,0.17832966148853302
538,0.75,0.17755389213562012
539,0.75,0.1767721176147461
540,0.75,0.1759844422340393
541,0.75,0.17519070208072662
542,0.75,0.1743910312652588
543,0.75,0.17358535528182983
544,0.75,0.17277374863624573
545,0.75,0.1719561368227005
546,0.75,0.17113259434700012
547,0.75,0.1703031063079834
548,0.75,0.1694677472114563
549,0.75,0.16862642765045166
550,0.75,0.16777922213077545
551,0.75,0.16692614555358887
552,0.75,0.1660672426223755
553,0.75,0.1652025580406189
554,0.75,0.1643320769071579
555,0.75,0.1634558141231537
556,0.75,0.1625739336013794
557,0.75,0.16168634593486786
558,1.0,0.16079315543174744
559,1.0,0.1598944216966629
560,1.0,0.15899018943309784
561,1.0,0.15808047354221344
562,1.0,0.15716534852981567
563,1.0,0.1562449038028717
564,1.0,0.1553192436695099
565,1.0,0.15438835322856903
566,1.0,0.15345239639282227
567,1.0,0.152511328458786
568,1.0,0.15156543254852295
569,1.0,0.15061461925506592
570,1.0,0.14965912699699402
571,1.0,0.14869891107082367
572,1.0,0.1477341502904892
573,1.0,0.14676493406295776
574,1.0,0.14579147100448608
575,1.0,0.14481371641159058
576,1.0,0.14383192360401154
577,1.0,0.14284615218639374
578,1.0,0.14185655117034912
579,1.0,0.14086325466632843
580,1.0,0.139866441488266
581,1.0,0.13886621594429016
582,1.0,0.13786274194717407
583,1.0,0.13685613870620728
584,1.0,0.1358465999364853
585,1.0,0.13483431935310364
586,1.0,0.13381940126419067
587,1.0,0.13280203938484192
588,1.0,0.1317824125289917
589,1.0,0.13076071441173553
590,1.0,0.12973710894584656
591,1.0,0.1287117749452591
592,1.0,0.12768493592739105
593,1.0,0.12665674090385437
594,1.0,0.12562739849090576
595,1.0,0.12459713220596313
596,1.0,0.12356610596179962
597,1.0,0.12253455817699432
598,1.0,0.12150262296199799
599,1.0,0.12047058343887329
600,1.0,0.11943860352039337
601,1.0,0.11840693652629852
602,1.0,0.11737579852342606
603,1.0,0.11634525656700134
604,1.0,0.11531572043895721
605,1.0,0.11428725719451904
606,1.0,0.11326014995574951
607,1.0,0.11223462969064713
608,1.0,0.11121084541082382
609,1.0,0.1101890355348587
610,1.0,0.10916940867900848
611,1.0,0.10815221816301346
612,1.0,0.10713754594326019
613,1.0,0.10612572729587555
614,1.0,0.10511691868305206
615,1.0,0.10411132872104645
616,1.0,0.10310912877321243
617,1.0,0.10211053490638733
618,1.0,0.10111575573682785
619,1.0,0.10012495517730713
620,1.0,0.09913834929466248
621,1.0,0.09815610945224762
622,1.0,0.09717840701341629
623,1.0,0.09620541334152222
624,1.0,0.09523732960224152
625,1.0,0.09427429735660553
626,1.0,0.09331648051738739
627,1.0,0.09236405044794083
628,1.0,0.09141714125871658
629,1.0,0.09047594666481018
630,1.0,0.08954061567783356
631,1.0,0.08861120045185089
632,1.0,0.0876879021525383
633,1.0,0.08677084743976593
634,1.0,0.08586020022630692
635,1.0,0.08495599776506424
636,1.0,0.08405841886997223
637,1.0,0.08316750079393387
638,1.0,0.08228344470262527
639,1.0,0.08140628784894943
640,1.0,0.0805361270904541
641,1.0,0.07967305928468704
642,1.0,0.07881715893745422
643,1.0,0.07796851545572281
644,1.0,0.07712724804878235
645,1.0,0.07629332691431046
646,1.0,0.07546684890985489
647,1.0,0.07464790344238281
648,1.0,0.07383649051189423
649,1.0,0.07303274422883987
650,1.0,0.07223658263683319
651,1.0,0.07144814729690552
652,1.0,0.07066744565963745
653,1.0,0.06989444047212601
654,1.0,0.06912922859191895
655,1.0,0.06837180256843567
656,1.0,0.06762222945690155
657,1.0,0.06688039004802704
658,1.0,0.06614641845226288
659,1.0,0.0654202401638031
660,1.0,0.06470190733671188
661,1.0,0.06399135291576385
662,1.0,0.06328864395618439
663,1.0,0.06259368360042572
664,1.0,0.06190650165081024
665,1.0,0.06122709438204765
666,1.0,0.06055542081594467
667,1.0,0.059891439974308014
668,1.0,0.0592351034283638
669,1.0,0.05858645960688591
670,1.0,0.05794535577297211
671,1.0,0.057311877608299255
672,1.0,0.05668589472770691
673,1.0,0.05606742948293686
674,1.0,0.05545637011528015
675,1.0,0.054852746427059174
676,1.0,0.05425643175840378
677,1.0,0.05366743355989456
678,1.0,0.05308568477630615
679,1.0,0.05251111462712288
680,1.0,0.05194368213415146
681,1.0,0.05138332024216652
682,1.0,0.05082999914884567
683,1.0,0.05028359591960907
684,1.0,0.0497441366314888
685,1.0,0.04921150580048561
686,1.0,0.04868564382195473
687,1.0,0.04816647991538048
688,1.0,0.047653988003730774
689,1.0,0.04714807868003845
690,1.0,0.046648647636175156
691,1.0,0.046155672520399094
692,1.0,0.0456690713763237
693,1.0,0.04518880695104599
694,1.0,0.044714756309986115
695,1.0,0.04424689710140228
696,1.0,0.04378514364361763
697,1.0,0.04332941770553589
698,1.0,0.04287966340780258
699,1.0,0.04243582859635353
700,1.0,0.04199779033660889
701,1.0,0.04156552255153656
702,1.0,0.041138939559459686
703,1.0,0.04071797430515289
704,1.0,0.04030255228281021
705,1.0,0.03989262878894806
706,1.0,0.03948812559247017
707,1.0,0.03908893093466759
708,1.0,0.03869502991437912
709,1.0,0.03830635920166969
710,1.0,0.037922799587249756
711,1.0,0.03754432126879692
712,1.0,0.03717084974050522
713,1.0,0.03680231794714928
714,1.0,0.03643866628408432
715,1.0,0.036079809069633484
716,1.0,0.03572569787502289
717,1.0,0.035376276820898056
718,1.0,0.03503146022558212
719,1.0,0.03469118848443031
720,1.0,0.03435540944337845
721,1.0,0.03402404487133026
722,1.0,0.03369706869125366
723,1.0,0.03337439149618149
724,1.0,0.033055953681468964
725,1.0,0.03274168074131012
726,1.0,0.032431550323963165
727,1.0,0.03212548792362213
728,1.0,0.031823448836803436
729,1.0,0.031525321304798126
730,1.0,0.031231094151735306
731,1.0,0.030940696597099304
732,1.0,0.03065411001443863
733,1.0,0.03037124313414097
734,1.0,0.0300920307636261
735,1.0,0.029816435649991035
736,1.0,0.029544442892074585
737,1.0,0.029275935143232346
738,1.0,0.029010925441980362
739,1.0,0.028749285265803337
740,1.0,0.028491023927927017
741,1.0,0.02823609486222267
742,1.0,0.027984417974948883
743,1.0,0.027735941112041473
744,1.0,0.02749064564704895
745,1.0,0.027248479425907135
746,1.0,0.027009405195713043
747,1.0,0.026773352175951004
748,1.0,0.026540277525782585
749,1.0,0.0263101514428854
750,1.0,0.02608293667435646
751,1.0,0.025858571752905846
752,1.0,0.025637030601501465
753,1.0,0.02541823498904705
754,1.0,0.0252021886408329
755,1.0,0.02498883381485939
756,1.0,0.024778133258223534
757,1.0,0.02457003854215145
758,1.0,0.024364538490772247
759,1.0,0.024161554872989655
760,1.0,0.023961074650287628
761,1.0,0.023763060569763184
762,1.0,0.023567479103803635
763,1.0,0.023374270647764206
764,1.0,0.02318342961370945
765,1.0,0.022994905710220337
766,1.0,0.02280866727232933
767,1.0,0.022624680772423744
768,1.0,0.022442912682890892
769,1.0,0.022263340651988983
770,1.0,0.022085916250944138
771,1.0,0.021910637617111206
772,1.0,0.02173740603029728
773,1.0,0.02156626060605049
774,1.0,0.02139715477824211
775,1.0,0.021230045706033707
776,1.0,0.021064896136522293
777,1.0,0.020901698619127274
778,1.0,0.020740438252687454
779,1.0,0.020581040531396866
780,1.0,0.020423516631126404
781,1.0,0.020267825573682785
782,1.0,0.020113930106163025
783,1.0,0.01996183954179287
784,1.0,0.01981147937476635
785,1.0,0.01966285891830921
786,1.0,0.01951593905687332
787,1.0,0.01937072165310383
788,1.0,0.019227148965001106
789,1.0,0.019085215404629707
790,1.0,0.0189448744058609
791,1.0,0.018806129693984985
792,1.0,0.01866895705461502
793,1.0,0.01853332109749317
794,1.0,0.01839921809732914
795,1.0,0.01826658844947815
796,1.0,0.018135448917746544
797,1.0,0.018005777150392532
798,1.0,0.017877545207738876
799,1.0,0.01775071956217289
800,1.0,0.017625294625759125
801,1.0,0.017501244321465492
802,1.0,0.01737855188548565
803,1.0,0.017257198691368103
804,1.0,0.01713717356324196
805,1.0,0.017018429934978485
806,1.0,0.01690099388360977
807,1.0,0.01678481511771679
808,1.0,0.016669880598783493
809,1.0,0.016556188464164734
810,1.0,0.016443699598312378
811,1.0,0.016332430765032768
812,1.0,0.016222331672906876
813,1.0,0.016113389283418655
814,1.0,0.01600560173392296
815,1.0,0.015898965299129486
816,1.0,0.015793433412909508
817,1.0,0.015689009800553322
818,1.0,0.015585677698254585
819,1.0,0.01548340916633606
820,1.0,0.015382208861410618
821,1.0,0.015282059088349342
822,1.0,0.015182938426733017
823,1.0,0.015084832906723022
824,1.0,0.014987732283771038
825,1.0,0.0148916095495224
826,1.0,0.01479649730026722
827,1.0,0.014702328480780125
828,1.0,0.014609131962060928
829,1.0,0.014516848139464855
830,1.0,0.014425505883991718
831,1.0,0.014335088431835175
832,1.0,0.01424555666744709
833,1.0,0.014156926423311234
834,1.0,0.014069173485040665
835,1.0,0.01398229505866766
836,1.0,0.013896279036998749
837,1.0,0.013811096549034119
838,1.0,0.013726756907999516
839,1.0,0.013643227517604828
840,1.0,0.01356053538620472
841,1.0,0.01347864605486393
842,1.0,0.013397536240518093
843,1.0,0.01331720594316721
844,1.0,0.013237676583230495
845,1.0,0.013158893212676048
846,1.0,0.013080867007374763
847,1.0,0.013003584928810596
848,1.0,0.012927034869790077
849,1.0,0.012851223349571228
850,1.0,0.012776116840541363
851,1.0,0.01270173117518425
852,1.0,0.012628032825887203
853,1.0,0.012555036693811417
854,1.0,0.01248270645737648
855,1.0,0.012411069124937057
856,1.0,0.01234008464962244
857,1.0,0.012269755825400352
858,1.0,0.012200100347399712
859,1.0,0.012131060473620892
860,1.0,0.01206266414374113
861,1.0,0.011994890868663788
862,1.0,0.011927738785743713
863,1.0,0.011861199513077736
864,1.0,0.01179526373744011
865,1.0,0.011729917488992214
866,1.0,0.011665163561701775
867,1.0,0.011600997298955917
868,1.0,0.011537413112819195
869,1.0,0.011474376544356346
870,1.0,0.011411916464567184
871,1.0,0.01135000679641962
872,1.0,0.011288641020655632
873,1.0,0.011227824725210667
874,1.0,0.011167537420988083
875,1.0,0.011107788421213627
876,1.0,0.011048554442822933
877,1.0,0.010989840142428875
878,1.0,0.010931640863418579
879,1.0,0.01087393332272768
880,1.0,0.010816732421517372
881,1.0,0.01076002698391676
882,1.0,0.010703813284635544
883,1.0,0.01064808014780283
884,1.0,0.010592825710773468
885,1.0,0.010538035072386265
886,1.0,0.010483716614544392
887,1.0,0.010429853573441505
888,1.0,0.010376444086432457
889,1.0,0.010323490016162395
890,1.0,0.010270981118083
891,1.0,0.010218910872936249
892,1.0,0.010167274624109268
893,1.0,0.010116074234247208
894,1.0,0.010065290145576
895,1.0,0.010014940053224564
896,1.0,0.009964995086193085
897,1.0,0.009915463626384735
898,1.0,0.009866339154541492
899,1.0,0.009817619808018208
900,1.0,0.009769300930202007
901,1.0,0.009721369482576847
902,1.0,0.009673825465142727
903,1.0,0.00962667167186737
904,1.0,0.009579887613654137
905,1.0,0.00953349843621254
906,1.0,0.009487468749284744
907,1.0,0.009441811591386795
908,1.0,0.009396523237228394
909,1.0,0.009351583197712898
910,1.0,0.009307008236646652
911,1.0,0.00926278717815876
912,1.0,0.009218920953571796
913,1.0,0.00917538721114397
914,1.0,0.00913220178335905
915,1.0,0.009089361876249313
916,1.0,0.009046846069395542
917,1.0,0.009004665538668633
918,1.0,0.008962810039520264
919,1.0,0.008921276777982712
920,1.0,0.008880069479346275
921,1.0,0.008839176967740059
922,1.0,0.008798595517873764
923,1.0,0.008758332580327988
924,1.0,0.008718371391296387
925,1.0,0.00867871567606926
926,1.0,0.008639361709356308
927,1.0,0.008600306697189808
928,1.0,0.008561545982956886
929,1.0,0.008523086085915565
930,1.0,0.008484894409775734
931,1.0,0.008447007276117802
932,1.0,0.008409392088651657
933,1.0,0.008372064679861069
934,1.0,0.008335012942552567
935,1.0,0.008298231288790703
936,1.0,0.008261725306510925
937,1.0,0.008225494995713234
938,1.0,0.008189519867300987
939,1.0,0.008153816685080528
940,1.0,0.008118369616568089
941,1.0,0.008083190768957138
942,1.0,0.008048256859183311
943,1.0,0.008013572543859482
944,1.0,0.00797915831208229
945,1.0,0.007944970391690731
946,1.0,0.00791103858500719
947,1.0,0.007877353578805923
948,1.0,0.007843909785151482
949,1.0,0.007810700684785843
950,1.0,0.00777773093432188
951,1.0,0.0077449968084692955
952,1.0,0.007712489925324917
953,1.0,0.007680223323404789
954,1.0,0.007648169063031673
955,1.0,0.007616353686898947
956,1.0,0.00758475111797452
957,1.0,0.007553372997790575
958,1.0,0.007522216532379389
959,1.0,0.007491271011531353
960,1.0,0.0074605499394237995
961,1.0,0.007430032826960087
962,1.0,0.007399733643978834
963,1.0,0.007369648665189743
964,1.0,0.0073397522792220116
965,1.0,0.007310073357075453
966,1.0,0.007280600257217884
967,1.0,0.007251313421875238
968,1.0,0.007222240790724754
969,1.0,0.007193359546363354
970,1.0,0.007164675742387772
971,1.0,0.007136178202927113
972,1.0,0.007107885554432869
973,1.0,0.007079770788550377
974,1.0,0.00705185579136014
975,1.0,0.007024113088846207
976,1.0,0.006996563635766506
977,1.0,0.006969199515879154
978,1.0,0.006942016072571278
979,1.0,0.0069150058552622795
980,1.0,0.00688818097114563
981,1.0,0.0068615274503827095
982,1.0,0.006835047155618668
983,1.0,0.006808750797063112
984,1.0,0.006782629992812872
985,1.0,0.006756660528481007
986,1.0,0.006730871275067329
987,1.0,0.00670524500310421
988,1.0,0.0066797868348658085
989,1.0,0.006654496770352125
990,1.0,0.006629366427659988
991,1.0,0.006604399532079697
992,1.0,0.006579587236046791
993,1.0,0.006554947700351477
994,1.0,0.00653044693171978
995,1.0,0.006506108678877354
996,1.0,0.006481926888227463
997,1.0,0.006457903888076544
998,1.0,0.006434021517634392
999,1.0,0.006410297006368637
